{
  "loss": [
    86289548083.2,
    87011975168.0
  ],
  "val_loss": [
    106454269952.0,
    110711971840.0
  ],
  "accuracy": [
    0.058823529411764705,
    0.11764705882352941
  ],
  "val_accuracy": [
    0.0,
    0.25
  ],
  "epoch": [
    1,
    2
  ],
  "lr": 0.001,
  "batch_size": 4,
  "epochs": 2,
  "seed": 1337,
  "best_loss": 86289548083.2,
  "best_epoch": 1,
  "device": "cpu",
  "samples_per_class": 5,
  "timestamp": "2026-02-20T11:02:35.087184"
}